country,year,debt_to_gdp,gdp_growth,inflation,unemployment
ARG,2018,,-2.61739646282038,34.2772237131003,9.22
ARG,2019,,-2.00086100285785,53.5483043492339,9.843
ARG,2020,,-9.9004848136464,42.0150947376509,11.461
ARG,2021,,10.4418119882506,48.4093786255199,8.736
ARG,2022,,6.02074537534855,72.430757531824,6.805
ARG,2023,,-1.85578803046339,133.488935594175,6.139
ARG,2024,,-1.34293072157739,219.883929014578,7.15
BRA,2015,67.5375540310909,-3.54576339269425,9.02990102416136,8.538
BRA,2016,73.4188038014782,-3.27591690782192,8.73914352329393,11.58
BRA,2017,83.669202649666,1.32286905404399,3.44637335032669,12.792
BRA,2018,86.6078841211512,1.783666761634,3.66485028376729,12.329
BRA,2019,92.5652531945418,1.22077782360842,3.73297621216894,11.936
BRA,2020,98.7098819468714,-3.2767587964736,3.21176803803376,13.697
BRA,2021,85.0115036768016,4.76260437908608,8.30165975585673,13.158
BRA,2022,79.1023218878495,3.01669435393015,9.28010608956873,9.231
BRA,2023,83.0317498523878,3.24165532906981,4.59356282283204,7.947
BRA,2024,81.8554431191023,3.41931516501906,4.36746407652337,6.801
CHN,2015,,6.98162255562367,1.43702380935655,4.65
CHN,2016,,6.7736886867727,2.00000182191943,4.56
CHN,2017,,6.89123916636191,1.59313600071436,4.47
CHN,2018,,6.757806142324,2.07479039965576,4.31
CHN,2019,,6.06737806333672,2.89923416358227,4.56
CHN,2020,,2.33950385203023,2.41942189457782,5.0
CHN,2021,,8.57038414981781,0.981015135544882,4.55
CHN,2022,,3.13385438394069,1.97357555739051,4.98
CHN,2023,,5.41600334492955,0.234836828893051,4.67
CHN,2024,,4.95830378788091,0.218128938439177,4.59
GBR,2015,147.063146778865,2.14040560033371,0.36804684232536,5.552
GBR,2016,155.581504971929,2.20652020635357,1.0084173681141,4.909
GBR,2017,160.141177233502,3.02322219840339,2.55775577557747,4.501
GBR,2018,156.766820519267,1.55133095078786,2.29283990345938,4.145
GBR,2019,158.972569875821,1.25629899760824,1.73810460086513,3.657
GBR,2020,194.682828796265,-10.047896637362,0.989486703772491,4.472
GBR,2021,183.804848939919,8.5431118453255,2.51837109614213,4.864
GBR,2022,138.215904304967,5.14970388522993,7.92204883147902,3.768
GBR,2023,136.142431919028,0.271650048355255,6.79396706793963,4.025
GBR,2024,130.735888365813,1.08027716858781,3.2715729463592,4.361
IND,2015,49.9647183856551,7.99625378567987,4.90697344127249,7.629
IND,2016,47.6337555915272,8.25630550176662,4.94821634062134,7.611
IND,2017,47.5836093800197,6.79538341902422,3.32817337461305,7.626
IND,2018,46.5224986659322,6.45385134495295,3.93882646691643,7.652
IND,2019,,3.87143694070524,3.72950573539123,6.51
IND,2020,,-5.77772470687303,6.6234367762853,7.859
IND,2021,,9.68959249191741,5.13140747176364,6.38
IND,2022,,7.6093649776932,6.69903414079858,4.822
IND,2023,,7.210224629335,5.64914318907925,4.172
IND,2024,,7.09927893176518,4.95303550973661,4.173
NGA,2015,,2.65269329541779,9.00943498007706,4.134
NGA,2016,,-1.61686894903467,15.6968126387972,4.499
NGA,2017,,0.805886619091581,16.5022662139641,4.83
NGA,2018,,1.92275734199798,12.0951065173432,5.069
NGA,2019,,2.20842927835211,11.3964223378115,5.206
NGA,2020,,-6.36889840468527,13.2460234276598,5.714
NGA,2021,,1.109252540249,16.9528457221608,5.404
NGA,2022,,4.31882949157136,18.8471877843274,3.827
NGA,2023,,3.31590368111438,24.659550203114,3.074
NGA,2024,,4.07106650147703,33.2416590552749,3.045
PAK,2015,,4.21794209572506,2.52932817254229,3.566
PAK,2016,,6.57383828511043,3.7651191635658,2.285
PAK,2017,,4.43262590683975,4.08537368032608,3.204
PAK,2018,,6.15170261099519,5.07805725868917,4.083
PAK,2019,,2.49763692943365,10.5780305672025,4.83
PAK,2020,,-1.27408744338709,9.74011619320125,5.994
PAK,2021,,6.51388575852702,9.49641577285205,6.338
PAK,2022,,4.7781068690358,19.8738599646655,5.291
PAK,2023,,-0.414935997088406,30.7681280657005,5.237
PAK,2024,,3.08176295579301,12.6325318530452,5.492
TUR,2015,29.145145266046,5.80557386628684,7.67085364845885,10.304
TUR,2016,30.075201418508,3.32366508200445,7.7751341532833,10.899
TUR,2017,29.5734179673603,7.82585730002594,11.1443110840764,10.919
TUR,2018,29.3999927208091,3.46815306092219,16.3324638988929,10.956
TUR,2019,33.4600744570718,1.30162365464503,15.1768215720022,13.73
TUR,2020,41.0396523893444,1.80306247087255,12.2789574462574,13.148
TUR,2021,41.6375124693568,11.811094450607,19.5964926913324,11.969
TUR,2022,35.3300843740665,5.44122511322401,72.3088359891207,10.465
TUR,2023,33.2548360254558,5.04512369812289,53.8594087593315,9.388
TUR,2024,26.6192344930079,3.3276230893799,58.5064507300342,8.8
USA,2015,96.1410808045622,2.94555045227337,0.118627135552451,5.28
USA,2016,98.1169229551873,1.81945147909089,1.26158320570536,4.869
USA,2017,97.2074691432871,2.45762230126449,2.13011000365961,4.355
USA,2018,98.62934291533,2.96650506701943,2.44258329692817,3.896
USA,2019,100.234364169849,2.58382533052225,1.81221007526021,3.669
USA,2020,124.509268439559,-2.081375977796,1.23358439630629,8.055
USA,2021,118.284809538371,6.15202247867526,4.69785886363742,5.349
USA,2022,112.71753248772,2.52421385073222,8.00279982052121,3.65
USA,2023,114.73462594651,2.93436322440155,4.11633838374488,3.638
USA,2024,115.768352618316,2.79318715363841,2.94952520485207,4.022
ZAF,2015,52.6511572360833,1.32186223678229,4.51869094892506,25.149
ZAF,2016,53.7387913884354,0.664552307858116,6.60290842394872,26.536
ZAF,2017,56.2597208390879,1.15794695181735,5.18618655524149,27.035
ZAF,2018,59.1023114070608,1.55678384721676,4.50987264867388,26.906
ZAF,2019,64.5892781351104,0.25993557687633,4.10285075461156,28.468
ZAF,2020,75.7255090793216,-6.1689177146757,3.23238831615113,29.217
ZAF,2021,74.0826080051444,4.85864865060148,4.61874544887136,34.007
ZAF,2022,76.2333180266081,2.05813661692193,7.03987272546482,33.268
ZAF,2023,79.4140619824567,0.80610455095804,6.0752438457966,32.098
ZAF,2024,82.7627080034486,0.534843531905139,4.36115246518962,32.279
